{
    "Figure Eight": {
      "0": {
        "mass": 1,
        "pos": [-1, 0, 0],
        "vel": [0.347113, 0.532727, 0]
      },
      "1": {
        "mass": 1,
        "pos": [1, 0, 0],
        "vel": [0.347113, 0.532727, 0]
      },
      "2": {
        "mass": 1,
        "pos": [0, 0, 0],
        "vel": [-0.694226, -1.065454, 0]
      },
      "period": 6.325897
    },

    "Broucke A1": {
        "0": {
          "mass": 1,
          "pos": [-0.9892620043, 0, 0],
          "vel": [0, 1.9169244185, 0]
        },
        "1": {
          "mass": 1,
          "pos": [2.2096177241, 0, 0],
          "vel": [0, 0.1910268738, 0]
        },
        "2": {
          "mass":1,
          "pos": [-1.2203557197, 0, 0],
          "vel": [0, -2.1079512924, 0]
        },
        "period": 6.283213
      },

      "Broucke A2": {
        "0": {
          "mass": 1,
          "pos": [0.336130095, 0, 0],
          "vel": [0, 1.532431537, 0]
        },
        "1": {
          "mass": 1,
          "pos": [0.7699893804, 0, 0],
          "vel": [0, -0.6287350978, 0]
        },
        "2": {
          "mass":1,
          "pos": [-1.1061194753, 0, 0],
          "vel": [0, -0.9036964391, 0]
        },
        "period": 7.702408
      },

      "Broucke A7": {
        "0": {
          "mass": 1,
          "pos": [-0.1095519101, 0, 0],
          "vel": [0, 0.9913358338, 0]
        },
        "1": {
          "mass": 1,
          "pos": [1.6613533905, 0, 0],
          "vel": [0, -0.1569959746, 0]
        },
        "2": {
          "mass":1,
          "pos": [-1.5518014804, 0, 0],
          "vel": [0, -0.8343398592, 0]
        },
        "period": 12.055859
      },


      "Broucke A10": {
        "0": {
          "mass": 1,
          "pos": [-0.5426216182, 0, 0],
          "vel": [0, 0.8750200467, 0]
        },
        "1": {
          "mass": 1,
          "pos": [2.5274928067, 0, 0],
          "vel": [0, -0.0526955841, 0]
        },
        "2": {
          "mass":1,
          "pos": [-1.9848711885, 0, 0],
          "vel": [0, -0.8223244626, 0]
        },
        "period": 32.610953
      },

      "Broucke A11": {
        "0": {
          "mass": 1,
          "pos": [0.0132604844, 0, 0],
          "vel": [0, 1.054151921, 0]
        },
        "1": {
          "mass": 1,
          "pos": [1.4157286016, 0, 0],
          "vel": [0, -0.2101466639, 0]
        },
        "2": {
          "mass":1,
          "pos": [-1.4289890859, 0, 0],
          "vel": [0, -0.8440052572, 0]
        },
        "period": 32.584945
      },

      "Broucke A15": {
        "0": {
          "mass": 1,
          "pos": [-1.1889693067, 0, 0],
          "vel": [0, 0.8042120498, 0]
        },
        "1": {
          "mass": 1,
          "pos": [3.8201881837, 0, 0],
          "vel": [0, 0.0212794833, 0]
        },
        "2": {
          "mass":1,
          "pos": [-2.631218877, 0, 0],
          "vel": [0, -0.8254915331, 0]
        },
        "period": 92.056119
      },

      "Broucke R1": {
        "0": {
          "mass": 1,
          "pos": [0.808310623, 0, 0],
          "vel": [0, 0.9901979166, 0]
        },
        "1": {
          "mass": 1,
          "pos": [-0.4954148566, 0, 0],
          "vel": [0, -2.7171431768, 0]
        },
        "2": {
          "mass":1,
          "pos": [-0.3128957664, 0, 0],
          "vel": [0, 1.7269452602, 0]
        },
        "period": 5.226525
      },

      "Broucke R2": {
        "0": {
          "mass": 1,
          "pos": [0.9060893715, 0, 0],
          "vel": [0, 0.9658548899, 0]
        },
        "1": {
          "mass": 1,
          "pos": [-0.6909723536, 0, 0],
          "vel": [0, -1.6223214842, 0]
        },
        "2": {
          "mass":1,
          "pos": [-0.2151170179, 0, 0],
          "vel": [0, 0.6564665942, 0]
        },
        "period": 5.704198
      },

      "Broucke R4": {
        "0": {
          "mass": 1,
          "pos": [0.8733047091, 0, 0],
          "vel": [0, 1.0107764436, 0]
        },
        "1": {
          "mass": 1,
          "pos": [-0.6254030288, 0, 0],
          "vel": [0, -1.6833533458, 0]
        },
        "2": {
          "mass":1,
          "pos": [-0.2479016803, 0, 0],
          "vel": [0, 0.6725769022, 0]
        },
        "period": 5.395826
      },

      "Broucke R12": {
        "0": {
          "mass": 1,
          "pos": [0.9040866398, 0, 0],
          "vel": [0, 0.9789534005, 0]
        },
        "1": {
          "mass": 1,
          "pos": [-0.6869668901, 0, 0],
          "vel": [ 0, -1.6017790202, 0]
        },
        "2": {
          "mass":1,
          "pos": [-0.2171197497, 0, 0],
          "vel": [0, 0.6228256196, 0]
        },
        "period": 17.020603
      },

      "Ovals with flourishes": {
        "0": {
          "mass": 1,
          "pos": [0.716248295713, 0.384288553041, 0],
          "vel": [1.245268230896, 2.444311951777, 0]
        },
        "1": {
          "mass": 1,
          "pos": [0.086172594591, 1.342795868577, 0],
          "vel": [-0.67522432369, -0.96287961363, 0]
        },
        "2": {
          "mass":1,
          "pos": [0.538777980808,0.481049882656, 0],
          "vel": [-0.570043907206, -1.481432338147, 0]
        },
        "period": 8.094721472532424
      },


      "Two ovals": {
        "0": {
          "mass": 1,
          "pos": [0.486657678894505, 0.755041888583519, 0],
          "vel": [-0.182709864466916, 0.363013287999004, 0]
        },
        "1": {
          "mass": 1,
          "pos": [-0.681737994414464, 0.29366023319721, 0],
          "vel": [-0.579074922540872, -0.748157481446087, 0]
        },
        "2": {
          "mass":1,
          "pos": [-0.02259632746864, -0.612645601255358, 0],
          "vel": [0.761784787007641, 0.385144193447218, 0]
        },
        "period": 4.012156415940929
      },
      "Loop ended triangles": {
        "0": {
          "mass": 1,
          "pos": [0.6661637520772179, -0.081921852656887, 0],
          "vel": [0.84120297540307, 0.029746212757039, 0]
        },
        "1": {
          "mass": 1,
          "pos": [-0.025192663684493022, 0.45444857588251897, 0],
          "vel": [0.142642469612081,-0.492315648524683, 0]
        },
        "2": {
          "mass":1,
          "pos": [-0.10301329374224,-0.765806200083609, 0],
          "vel": [-0.98384544501151, 0.462569435774018, 0]
        },
        "period": 3.820761325134286
      },

      "Li & Liao I.A.3.i.c": {
        "0": {
          "mass": 1,
          "pos": [-1, 0, 0],
          "vel": [0.6150407229, 0.5226158545, 0]
        },
        "1": {
          "mass": 1,
          "pos": [1, 0, 0],
          "vel": [0.6150407229, 0.5226158545, 0]
        },
        "2": {
          "mass":1,
          "pos": [0, 0, 0],
          "vel": [-1.2300814458, -1.045231709, 0]
        },
        "period": 37.3205235945
      },

      "Li & Liao I.A.2.i.c (0.5)": {
        "0": {
          "mass": 1,
          "pos": [-1, 0, 0],
          "vel":  [0.3420307307, 0.1809369236, 0]
        },
        "1": {
          "mass": 1,
          "pos": [1, 0, 0],
          "vel": [0.3420307307, 0.1809369236, 0]
        },
        "2": {
          "mass":0.5,
          "pos": [0, 0, 0],
          "vel": [-1.3681229228, -0.7237476944, 0]
        },
        "period": 13.9153339459
      },

      "Li & Liao I.A.1.i.c (0.75)": {
        "0": {
          "mass": 1,
          "pos": [-1, 0, 0],
          "vel":  [0.4227625247, 0.2533646387, 0]
        },
        "1": {
          "mass": 1,
          "pos": [1, 0, 0],
          "vel": [0.4227625247, 0.2533646387, 0]
        },
        "2": {
          "mass": 0.75,
          "pos": [0, 0, 0],
          "vel": [-1.1273667325333332, -0.6756390365333332, 0]
        },
        "period": 5.9858187252
      },

      "Li & Liao I.B.1.i.c (0.5)": {
        "0": {
          "mass": 1,
          "pos": [-1, 0, 0],
          "vel":  [0.2374365149, 0.2536896353, 0]
        },
        "1": {
          "mass": 1,